<?xml version="1.0" encoding="UTF-8"?>
<project-private xmlns="http://www.netbeans.org/ns/project-private/1">
    <editor-bookmarks xmlns="http://www.netbeans.org/ns/editor-bookmarks/2" lastBookmarkId="0"/>
    <open-files xmlns="http://www.netbeans.org/ns/projectui-open-files/2">
        <group>
            <file>file:/D:/Software/Github/Projek-Jalaflix-Kelompok-4/StudiKasus/src/studikasus/HistoriFilm.txt</file>
            <file>file:/D:/Software/Github/Projek-Jalaflix-Kelompok-4/StudiKasus/src/studikasus/AdminMenu.java</file>
            <file>file:/D:/Software/Github/Projek-Jalaflix-Kelompok-4/StudiKasus/src/studikasus/RegisterWindow.java</file>
            <file>file:/D:/Software/Github/Projek-Jalaflix-Kelompok-4/StudiKasus/src/studikasus/Akun.txt</file>
            <file>file:/D:/Software/Github/Projek-Jalaflix-Kelompok-4/StudiKasus/src/studikasus/MainMenu.java</file>
            <file>file:/D:/Software/Github/Projek-Jalaflix-Kelompok-4/StudiKasus/src/studikasus/PoolAkun.java</file>
            <file>file:/D:/Software/Github/Projek-Jalaflix-Kelompok-4/StudiKasus/src/studikasus/jenisjenisFilm.txt</file>
            <file>file:/D:/Software/Github/Projek-Jalaflix-Kelompok-4/StudiKasus/src/studikasus/WatchMovie.java</file>
            <file>file:/D:/Software/Github/Projek-Jalaflix-Kelompok-4/StudiKasus/src/studikasus/MainWindow.java</file>
        </group>
    </open-files>
</project-private>
